sex_split,Accuracy,f1 score,auc
0.3,0.70475,0.44637795731851565,0.6200166327840944
0.4,0.6219,0.5302012855760387,0.6213621332497383
0.5,0.58385,0.5838441478083285,0.6202609957115516
0.6,0.6222,0.5299021022994495,0.6194582895254019
0.7,0.6995,0.44272446279750904,0.6160191358255933
